{
  "success": true,
  "raw_output": "---------------------------------------------\nLevel 1 Scores\n---------------------------------------------\ndrivable\t\t:0.92389653767933\nnon-drivable\t\t:0.4032501455128159\nliving-things\t\t:0.46706978083435774\nvehicles\t\t:0.7226419677918308\nroad-side-objs\t\t:0.4724892175524063\nfar-objects\t\t:0.7148077446893415\nsky\t\t:0.9270545291258971\n---------------------------------------------\nmIoU\t\t:0.5789012403982474\n---------------------------------------------\n[0.92399073 0.40336899 0.46738293 0.72274642 0.47263695 0.71499729\n 0.92715995]\nmIoU:\t\t\t\t66.17547524097037\n",
  "parsed_metrics": {
    "IoU_drivable": 92.389653767933,
    "IoU_non-drivable": 40.32501455128159,
    "IoU_living-things": 46.70697808343577,
    "IoU_vehicles": 72.26419677918308,
    "IoU_road-side-objs": 47.24892175524063,
    "IoU_far-objects": 71.48077446893414,
    "IoU_sky": 92.70545291258972,
    "mIoU": 66.17547524097037
  },
  "command": "python3 /Users/harsh/Desktop/idd-semantic-segmentation/third_party/autonue/evaluation/idd_lite_evaluate_mIoU.py --gts data/idd20k_lite/gtFine/val --preds results/preds/pspnet_val_pngs --num-workers 2"
}